<?xml version="1.0"?>
<projectProfile type="default" version="1.11.6">
  <projectDirectory>
    <projectProfileFile filesystemName=".zfproject.xml"/>
    <applicationDirectory classNamePrefix="Application_">
      <apisDirectory enabled="false"/>
      <configsDirectory>
        <applicationConfigFile type="ini"/>
      </configsDirectory>
      <controllersDirectory>
        <controllerFile controllerName="Index">
          <actionMethod actionName="index"/>
        </controllerFile>
        <controllerFile controllerName="Error"/>
      </controllersDirectory>
      <formsDirectory enabled="false"/>
      <layoutsDirectory enabled="false"/>
      <modelsDirectory/>
      <modulesDirectory>
        <moduleDirectory moduleName="admin">
          <apisDirectory enabled="false"/>
          <configsDirectory enabled="false"/>
          <controllersDirectory>
            <controllerFile controllerName="Index">
              <actionMethod actionName="index"/>
            </controllerFile>
          </controllersDirectory>
          <formsDirectory>
            <formFile formName="Addpages"/>
          </formsDirectory>
          <layoutsDirectory enabled="false"/>
          <modelsDirectory>
            <dbTableDirectory>
              <dbTableFile dbTableName="Pages"/>
            </dbTableDirectory>
            <modelFile modelName="Pages"/>
            <modelFile modelName="PagesMapper"/>
          </modelsDirectory>
          <viewsDirectory>
            <viewScriptsDirectory>
              <viewControllerScriptsDirectory forControllerName="Index">
                <viewScriptFile forActionName="index"/>
              </viewControllerScriptsDirectory>
            </viewScriptsDirectory>
            <viewHelpersDirectory/>
            <viewFiltersDirectory/>
          </viewsDirectory>
        </moduleDirectory>
        <moduleDirectory moduleName="default">
          <apisDirectory enabled="false"/>
          <configsDirectory enabled="false"/>
          <controllersDirectory>
            <controllerFile controllerName="Index">
              <actionMethod actionName="index"/>
            </controllerFile>
          </controllersDirectory>
          <formsDirectory enabled="false"/>
          <layoutsDirectory enabled="false"/>
          <modelsDirectory/>
          <viewsDirectory>
            <viewScriptsDirectory>
              <viewControllerScriptsDirectory forControllerName="Index">
                <viewScriptFile forActionName="index"/>
              </viewControllerScriptsDirectory>
            </viewScriptsDirectory>
            <viewHelpersDirectory/>
            <viewFiltersDirectory/>
          </viewsDirectory>
        </moduleDirectory>
      </modulesDirectory>
      <viewsDirectory>
        <viewScriptsDirectory>
          <viewControllerScriptsDirectory forControllerName="Index">
            <viewScriptFile forActionName="index"/>
          </viewControllerScriptsDirectory>
          <viewControllerScriptsDirectory forControllerName="Error">
            <viewScriptFile forActionName="error"/>
          </viewControllerScriptsDirectory>
        </viewScriptsDirectory>
        <viewHelpersDirectory/>
        <viewFiltersDirectory enabled="false"/>
      </viewsDirectory>
      <bootstrapFile filesystemName="Bootstrap.php"/>
    </applicationDirectory>
    <dataDirectory enabled="false">
      <cacheDirectory enabled="false"/>
      <searchIndexesDirectory enabled="false"/>
      <localesDirectory enabled="false"/>
      <logsDirectory enabled="false"/>
      <sessionsDirectory enabled="false"/>
      <uploadsDirectory enabled="false"/>
    </dataDirectory>
    <docsDirectory>
      <file filesystemName="README.txt"/>
    </docsDirectory>
    <libraryDirectory>
      <zfStandardLibraryDirectory enabled="false"/>
    </libraryDirectory>
    <publicDirectory>
      <publicStylesheetsDirectory enabled="false"/>
      <publicScriptsDirectory enabled="false"/>
      <publicImagesDirectory enabled="false"/>
      <publicIndexFile filesystemName="index.php"/>
      <htaccessFile filesystemName=".htaccess"/>
    </publicDirectory>
    <projectProvidersDirectory enabled="false"/>
    <temporaryDirectory enabled="false"/>
    <testsDirectory>
      <testPHPUnitConfigFile filesystemName="phpunit.xml"/>
      <testPHPUnitBootstrapFile filesystemName="bootstrap.php"/>
      <testApplicationDirectory>
        <testApplicationControllerDirectory>
          <testApplicationControllerFile forControllerName="Index"/>
        </testApplicationControllerDirectory>
      </testApplicationDirectory>
      <testLibraryDirectory/>
    </testsDirectory>
  </projectDirectory>
</projectProfile>
